t,x1,x2,y
0.0,0.8,0.0,0.8152358539877216
0.01,0.7996483327340234,-0.0703118683505696,0.7476491274219986
0.02,0.7985942740756596,-0.14047030634652702,0.8361168338659825
0.03,0.7968395973899479,-0.21042750035969812,0.8438678332095086
0.04,0.7943865542243246,-0.2801356346238311,0.6968347947916328
0.05,0.7912378743588717,-0.3495468429979713,0.7261288990157558
0.06,0.787396766923652,-0.4186131164514003,0.7937887870820163
0.07,0.7828669224772614,-0.487286246475913,0.7670547928600823
0.08,0.7776525139782526,-0.5555177933775988,0.7768124561030382
0.09,0.7717582006421648,-0.6232590019734278,0.7291060042634858
0.1,0.7651891318621732,-0.6904607590110383,0.8091590306053146
0.11,0.7579509488700045,-0.7570735735965103,0.7968405456414519
0.12,0.7500497895912726,-0.8230475281167932,0.7533513244693334
0.13,0.7414922950477538,-0.8883322372910082,0.7978543553961555
0.14,0.732285612158244,-0.9528768536215196,0.7556610792708462
0.15,0.7224373962228647,-1.0166300603850487,0.6794727730787028
0.16,0.7119558206009124,-1.0795400331484257,0.7303933598050374
0.17,0.7008495802479549,-1.1415544789601768,0.6529054502065049
0.18,0.6891278927992567,-1.202620662343607,0.7330504078646203
0.19,0.6768005045776502,-1.2626854130816516,0.6743042090283375
0.2,0.6638776997098347,-1.3216951407850408,0.6546345815325717
0.21,0.6503702987262882,-1.3795959460946936,0.6163238215060911
0.22,0.6362896588143583,-1.4363336494125587,0.6974167257480598
0.23,0.6216476824722245,-1.491853835870489,0.6139212083687844
0.24,0.6064568209344071,-1.546101943708786,0.5850404298262517
0.25,0.5907300674286797,-1.5990234196424808,0.5731233899042683
0.26,0.5744809569745685,-1.6505637554043031,0.6010964162522359
0.27,0.5577235745807823,-1.7006685831891268,0.5759957777989861
0.28,0.5404725498115152,-1.7492838328551878,0.5611091803913146
0.29,0.5227430446853223,-1.7963559129830735,0.5442840948357164
0.3,0.5045507522934707,-1.8418317609668144,0.6116331323369938
0.31,0.48591190123754396,-1.8856589878466117,0.46559115041831317
0.32,0.4668432398806522,-1.9277860852893005,0.44123110342707533
0.33,0.4473620185760543,-1.9681626189409678,0.4066733821636604
0.34,0.42748598620493605,-2.006739291868046,0.45828495733371083
0.35000000000000003,0.40723338817051447,-2.043468125888413,0.463682002806559
0.36,0.3866229394200362,-2.078302694306343,0.3809255665372925
0.37,0.36567380184429676,-2.1111983054713246,0.32366597799617036
0.38,0.3444055775407055,-2.142112080714657,0.3031815167561435
0.39,0.32283829886319887,-2.1710031463252517,0.3553679382544339
0.4,0.3009923887794242,-2.197832869252141,0.3381550973395963
0.41000000000000003,0.2788886375730997,-2.2225649973098855,0.3060463509883594
0.42,0.2565481902328982,-2.245165757040365,0.22327270486846348
0.43,0.23399252820574798,-2.26560402086938,0.24560059435908396
0.44,0.21124341674315533,-2.283851518964959,0.21707770720019173
0.45,0.18832288696011085,-2.2998829145351634,0.1992573167965615
0.46,0.16525321600968546,-2.3136759071731987,0.20882465490709495
0.47000000000000003,0.14205689406055425,-2.325211363569804,0.15323667149928835
0.48,0.11875657123397437,-2.3344734471226105,0.15270224938756913
0.49,0.09537504361602918,-2.341449650664924,0.09875399709047375
0.5,0.07193522544986979,-2.346130872464234,0.086391195384369
0.51,0.04846009799861076,-2.3485114830346325,0.08002450929053778
0.52,0.024972674378684858,-2.348589360478212,-0.04788511661409846
0.53,0.0014959789443320694,-2.3463658953247486,-0.014487581873532999
0.54,-0.02194698889455006,-2.3418460001337458,-0.045465621609189835
0.55,-0.04533331043111366,-2.335038091922987,-0.07727720284328077
0.56,-0.06864016479407223,-2.32595407275015,-0.08239727735540642
0.5700000000000001,-0.09184485792059621,-2.3146092785405603,-0.017097792358876415
0.58,-0.11492487376995576,-2.3010223985760465,-0.15821642955461793
0.59,-0.13785790412803378,-2.285215418677427,-0.08944398639845974
0.6,-0.16062186874520198,-2.2672135360629344,-0.24476535732599222
0.61,-0.18319495210201445,-2.2470450377344324,-0.19993920360130318
0.62,-0.20555564792310627,-2.2247411633437086,-0.19741799466785598
0.63,-0.22768277305229867,-2.2003360253730375,-0.19837165648433475
0.64,-0.2495554892736499,-2.173866460737098,-0.21399416028400714
0.65,-0.2711533488240037,-2.145371823941583,-0.23148598706400744
0.66,-0.29245631309605585,-2.1148938897987284,-0.30989256670847776
0.67,-0.313444765656295,-2.0824766995576076,-0.33656235528952333
0.68,-0.3340995369488089,-2.0481663704241826,-0.2912007428859512
0.6900000000000001,-0.35440193865224306,-2.0120108794490754,-0.3639671548963238
0.7000000000000001,-0.3743337703099196,-1.974059981744217,-0.4381180864768157
0.71,-0.39387732811550685,-1.934365014806937,-0.4505416888156809
0.72,-0.41301543139446983,-1.892978673669635,-0.45898804569455043
0.73,-0.4317314396653931,-1.8499548596369921,-0.4068734024627049
0.74,-0.45000925510414475,-1.8053485635741249,-0.4428879683006165
0.75,-0.46783332557373825,-1.7592156941544739,-0.43330905787034985
0.76,-0.4851886670666725,-1.7116128388063283,-0.5065512993834992
0.77,-0.5020608698049812,-1.662597180019904,-0.4941338852511455
0.78,-0.5184360951657927,-1.612226365832564,-0.48715657546742586
0.79,-0.5343010759428788,-1.5605583669645129,-0.5497684029288907
0.8,-0.5496431301463155,-1.5076512777667452,-0.5268043682684449
0.81,-0.564450162301849,-1.4535632684295532,-0.5975464593551816
0.8200000000000001,-0.5787106544597747,-1.3983524753974361,-0.5968633467880282
0.8300000000000001,-0.5924136647576369,-1.3420768934912704,-0.6115005594575533
0.84,-0.6055488334707729,-1.2847942380162998,-0.665340815750225
0.85,-0.6181063816930867,-1.2265619173031612,-0.5937577576538077
0.86,-0.6300770978268219,-1.1674369628898094,-0.6535472148369581
0.87,-0.6414523356949428,-1.1074759596073895,-0.6408276297585583
0.88,-0.6522240152156207,-1.0467349697964041,-0.6281866822703253
0.89,-0.6623846186860743,-0.9852695216130822,-0.6400580598845771
0.9,-0.6719271754871262,-0.9231345867563017,-0.6386579200384869
0.91,-0.680845260824528,-0.8603845457061761,-0.6857695350499992
0.92,-0.6891329936786647,-0.7970731620861169,-0.7102979092808723
0.93,-0.6967850294469422,-0.7332535921710647,-0.7007709399922621
0.9400000000000001,-0.7037965479894593,-0.668978402803733,-0.7881632696873608
0.9500000000000001,-0.710163251914153,-0.6042995680161531,-0.7825188755353073
0.96,-0.7158813640226576,-0.5392684730887808,-0.7820163446403777
0.97,-0.7209476168169954,-0.4739359595944761,-0.7708099581970694
0.98,-0.7253592468672212,-0.4083523605334951,-0.7053705355310493
0.99,-0.7291139926507116,-0.3425675200891099,-0.7743879454187147
1.0,-0.7322100905823627,-0.27663082311606496,-0.7511182182843322
1.01,-0.7346462666751618,-0.21059126718827698,-0.6696848517858585
1.02,-0.7364217351733604,-0.144497500635657,-0.7542349337264317
1.03,-0.737536196647558,-0.07839784742609207,-0.7006604182242037
1.04,-0.7379898327698521,-0.012340380422692976,-0.7846707167703459
1.05,-0.7377833045366251,0.05362702150881768,-0.7480551824300066
1.06,-0.7369177514375858,0.11945664179396712,-0.7844188541831149
1.07,-0.7353947895349955,0.1851008718106935,-0.7523464433300237
1.08,-0.7332165104993513,0.25051214087260526,-0.6912011036264816
1.09,-0.7303854817782035,0.3156428837151029,-0.816751502937821
1.1,-0.7269047464539156,0.3804455015224114,-0.7051835642766227
1.11,-0.7227778242897872,0.44487229361503045,-0.7108910441731733
1.12,-0.7180087127945942,0.5088754299282845,-0.7477162105794339
1.1300000000000001,-0.7126018877843955,0.572406930649749,-0.7849047805038182
1.1400000000000001,-0.7065623065094435,0.6354186040746792,-0.70295583112375
1.1500000000000001,-0.6998954097547233,0.6978620325755136,-0.7263700452079134
1.16,-0.6926071223985052,0.7596885681137813,-0.68097331183077
1.17,-0.6847038572811639,0.8208492970215978,-0.6836112500049918
1.18,-0.67619251925153,0.8812950263189585,-0.5961035746854842
1.19,-0.667080505388447,0.940976308515709,-0.6790482867620982
1.2,-0.6573757068397604,0.999843440911308,-0.7085505814708537
1.21,-0.6470865159007766,1.0578464474618798,-0.6381227341529608
1.22,-0.6362218256632137,1.1149351405406338,-0.6252219914646254
1.23,-0.6247910294732771,1.1710591499115657,-0.5568316507112553
1.24,-0.6128040257846132,1.2261679371712921,-0.5710484634888843
1.25,-0.600271222554878,1.280210835555155,-0.5824276695974026
1.26,-0.5872035320593169,1.3331371606487281,-0.5140383874983387
1.27,-0.5736123705731622,1.3848962376843073,-0.6330505232893047
1.28,-0.559509664897495,1.4354374506626209,-0.5914972415349824
1.29,-0.544907848786792,1.4847103555682688,-0.5912366458570683
1.3,-0.529819854687351,1.5326648028707677,-0.5493103448451394
1.31,-0.5142591131267009,1.5792509803933725,-0.5830934205045164
1.32,-0.4982395578889398,1.6244195014289509,-0.4664820105482196
1.33,-0.4817756119167669,1.668121582536166,-0.4928867467717055
1.34,-0.464882177376494,1.7103091582664223,-0.538422492101627
1.35,-0.4475746330582166,1.7509349525803422,-0.4983535871185937
1.36,-0.42986883573939927,1.789952594485865,-0.4141931433668895
1.37,-0.41178109451901496,1.8273168428757474,-0.36987476612429593
1.3800000000000001,-0.3933281600525257,1.8629836835721394,-0.29349161546793634
1.3900000000000001,-0.3745272184652378,1.8969104266744499,-0.2288340951648713
1.4000000000000001,-0.35539588638990427,1.9290558414480354,-0.33467541472610446
1.41,-0.3359521745279098,1.959380393990529,-0.38542908052950303
1.42,-0.31621447673156217,1.9878463229871122,-0.4228167907681276
1.43,-0.29620155950644333,2.0144177524396336,-0.28281598638925154
1.44,-0.27593254766452074,2.039060834672932,-0.316579602430037
1.45,-0.25542688033355987,2.061743960750633,-0.2761947433425441
1.46,-0.23470430078235485,2.082437813082367,-0.2653091407353453
1.47,-0.21378484079978136,2.101115479942514,-0.22082438512060062
1.48,-0.19268879321653973,2.117752589112293,-0.13938978167715754
1.49,-0.17143666771713273,2.1323274535596806,-0.1635842393448655
1.5,-0.1500491806420713,2.1448211068151424,-0.1579809224940057
1.51,-0.12854723358252854,2.155217398710613,-0.18032992122381913
1.52,-0.10695187060733843,2.163503093705206,-0.1906860178425563
1.53,-0.08528424484426166,2.169667936195455,-0.10959964029792821
1.54,-0.06356560272888911,2.1737046755070484,-0.06625473026980513
1.55,-0.04181725754977414,2.175609114425494,0.04657923812922002
1.56,-0.0200605357920719,2.175380146370702,-0.013546809718427606
1.57,0.001683240162560223,2.1730197622839795,0.050820215713713104
1.58,0.023392774530140846,2.1685330447158098,-0.0015720053968167579
1.59,0.045046838803337284,2.161928153668206,-0.01420034951751395
1.6,0.0666243110471631,2.1532163011993726,0.0183684729355445
1.61,0.08810419137986289,2.1424117173550576,0.05184288815307523
1.62,0.1094656282208987,2.1295315961348695,0.21588911484265694
1.6300000000000001,0.13068796823807743,2.1145960048420314,0.08961863427685812
1.6400000000000001,0.15175077300352754,2.097627841687083,0.1936752331903448
1.6500000000000001,0.17263383817334874,2.078652744028749,0.12748747926899742
1.6600000000000001,0.19331723064845655,2.0576989675104524,0.23989588129216877
1.67,0.21378132118397047,2.0347972808062385,0.23302886948926363
1.68,0.23400679627847906,2.009980882487002,0.22617490139557453
1.69,0.2539746767897329,1.9832852735898685,0.2519365504829612
1.7,0.27366635969962494,1.9547480703262392,0.2409269749281554
1.71,0.29306363048269435,1.9244089349740021,0.3153672405567984
1.72,0.31214867377237776,1.892309435956054,0.28939949975533874
1.73,0.33090409585605507,1.8584928850904439,0.26962380766769267
1.74,0.34931295374460963,1.823004159831384,0.28541607502862865
1.75,0.36735876010857915,1.785889636270981,0.3759881559946851
1.76,0.3850254895090446,1.7471970268274621,0.46398005232956635
1.77,0.40229760211023524,1.7069751935280066,0.41029718278890714
1.78,0.41916005863529454,1.6652740219534754,0.41322814232980043
1.79,0.4355983219487568,1.622144330042413,0.44988962892888396
1.8,0.4515983586055775,1.57763772906232,0.5168984456909187
1.81,0.46714665919334514,1.5318064291644284,0.47811578426153795
1.82,0.482230244219115,1.4847031665598893,0.4616838826774281
1.83,0.49683666119706665,1.4363811056524542,0.5521510967000611
1.84,0.5109539844181521,1.386893725699745,0.5323918063412327
1.85,0.5245708282595597,1.3362946588913855,0.6013586278593593
1.86,0.5376763486492836,1.2846376491941518,0.5468380705103789
1.87,0.5502602353778168,1.2319764708121368,0.4890367837917917
1.8800000000000001,0.5623127116585546,1.178364841989875,0.4939047516962713
1.8900000000000001,0.5738245406902249,1.1238563142897118,0.6563709373017874
1.9000000000000001,0.5847870244324288,1.068504250043832,0.6709703104715936
1.9100000000000001,0.5951919924061974,1.0123617722113734,0.5862160317420674
1.92,0.6050318021883072,0.9554817050615456,0.5858724361315079
1.93,0.6142993409907547,0.8979165159164741,0.6873715556028648
1.94,0.6229880215632624,0.8397183065873012,0.567635737461088
1.95,0.6310917708290785,0.7809388006442974,0.5863554198812873
1.96,0.6386050310296293,0.7216293077736218,0.6707713707640816
1.97,0.6455227586119857,0.66184070641336,0.6257925024690062
1.98,0.6518404163094452,0.6016234574852133,0.6515843229734417
1.99,0.6575539666259967,0.5410276149579818,0.6493818216997711
2.0,0.6626598714955122,0.4801028156537987,0.6795385989354589
2.0100000000000002,0.6671550897752961,0.41889828696698445,0.737529182840982
2.02,0.6710370681764056,0.3574628904848076,0.6755663135214929
2.0300000000000002,0.6743037398574429,0.2958451359735562,0.7065006795212857
2.04,0.6769535230169219,0.2340931897441036,0.5744449179653708
2.05,0.678985315814284,0.1722549153569346,0.6765493957177781
2.06,0.6803984924959832,0.1103779177258298,0.6382369789813396
2.07,0.6811929027109904,0.04850955937788058,0.6202522496898091
2.08,0.6813688693913982,-0.013303012987615478,0.6374612510449607
2.09,0.6809271851456064,-0.07501280718552773,0.6642210131105657
2.1,0.6798691119754007,-0.13657296354924403,0.7256642390932013
2.11,0.6781963803227974,-0.19793673571339904,0.6118767444358192
2.12,0.675911187451281,-0.25905743128848124,0.6774427620810018
2.13,0.6730161974802672,-0.31988838666626196,0.6488077258135883
2.14,0.6695145409568757,-0.380382953891099,0.6531308862387777
2.15,0.6654098150848171,-0.44049445342846777,0.7155477063500473
2.16,0.6607060844795003,-0.500176148942338,0.6876118563296966
2.17,0.6554078808721171,-0.559381245336855,0.7222777862442543
2.18,0.6495202042281594,-0.6180628605276133,0.6417949202656643
2.19,0.6430485249128719,-0.676173998976642,0.6082513943293367
2.2,0.6359987830845314,-0.7336675688175909,0.6248058422405064
2.21,0.6283773892882212,-0.7904963778149662,0.6405022288517822
2.22,0.62019122842014,-0.8466131074294755,0.6290198963428255
2.23,0.6114476588767503,-0.901970351708196,0.557228255265082
2.24,0.602154511655927,-0.9565206369207374,0.6066790007373207
2.25,0.5923200936795887,-1.0102164194776264,0.6037315101865339
2.2600000000000002,0.5819531896284798,-1.0630101147657014,0.7078268915051757
2.27,0.5710630577473903,-1.1148541686651894,0.6649052883114738
2.2800000000000002,0.5596594299188512,-1.1657010758594528,0.5169972623909102
2.29,0.5477525166932135,-1.2155034024903184,0.5333833486157546
2.3000000000000003,0.5353530015932254,-1.2642138869573367,0.46218090150137525
2.31,0.5224720365270458,-1.3117855031558114,0.49293668582887146
2.32,0.509121242374816,-1.3581715017940381,0.524901492554333
2.33,0.49531271162067736,-1.403325467850053,0.555605392665089
2.34,0.48105899430590543,-1.4472014778991338,0.444604802418725
2.35,0.46637309435485585,-1.4897541444354767,0.43366577235146603
2.36,0.45126846949969907,-1.530938689322429,0.3439040180127663
2.37,0.43575902673567385,-1.5707110466437055,0.42762573070842846
2.38,0.41985910238045066,-1.609028036785003,0.3667383817874725
2.39,0.4035834585529684,-1.6458474044348228,0.3771114871846647
2.4,0.38694728061706335,-1.6811279212574404,0.3431042417086839
2.41,0.36996616305394914,-1.7148295238714597,0.3652530353413213
2.42,0.35265608578321694,-1.7469134786530556,0.2647696662153854
2.43,0.3350334097062857,-1.7773424218709903,0.26168114743673615
2.44,0.3171148700653694,-1.8060804797440189,0.42357722566678435
2.45,0.2989175516851001,-1.8330934229356641,0.23454642262139852
2.46,0.2804588640717718,-1.8583488022418249,0.2256195851490398
2.47,0.26175653460472453,-1.8818159953347335,0.35360221102079026
2.48,0.2428285970419166,-1.9034663253327793,0.3880819555039369
2.49,0.22369335556191988,-1.9232732114294775,0.1651150241206528
2.5,0.20436936261467922,-1.9412122591271994,0.1859569147752777
2.5100000000000002,0.18487540749735873,-1.9572613150959313,0.2019531850443842
2.52,0.16523049995310302,-1.9714005623169646,0.25166538217338263
2.5300000000000002,0.14545382400013243,-1.9836126444582791,0.09611097007872055
2.54,0.12556472248699024,-1.9938827075511791,0.11330083018988475
2.5500000000000003,0.10558268078811398,-2.0021984492339473,0.14444955959120118
2.56,0.08552729994634276,-2.0085501844502787,0.10726560366967369
2.57,0.0654182513169057,-2.012930909324099,0.04661044775540074
2.58,0.0452752655846374,-2.015336312830784,0.038584117358835344
2.59,0.025118111913878347,-2.0157648000800705,-0.04362667850462075
2.6,0.004966557798759277,-2.014217511285575,-0.0069421293999739845
2.61,-0.015159662123936806,-2.010698327664119,-0.028479036624384564
2.62,-0.03524086030851191,-2.0052138568813316,-0.02363236582719911
2.63,-0.05525742055863734,-1.9977734156181124,-0.08302378149958814
2.64,-0.07518984511787712,-1.988388987776423,-0.05161291899062016
2.65,-0.09501876900223563,-1.9770752028781335,-0.0443829781112442
2.66,-0.11472497818830862,-1.963849280548432,-0.10695351180488533
2.67,-0.13428944503606652,-1.948730957292495,-0.11670162461610634
2.68,-0.15369336004790718,-1.931742418169314,-0.1510355926690138
2.69,-0.1729181435902522,-1.9129082394646302,-0.1729139239356815
2.7,-0.19194546422242031,-1.8922553009536494,-0.22802336589956268
2.71,-0.21075728055702547,-1.869812650323428,-0.19493256747336007
2.72,-0.22933585419477603,-1.8456114510561503,-0.23420018411545052
2.73,-0.24766376150948693,-1.8196848767513676,-0.14300534606295717
2.74,-0.2657239173314929,-1.7920679856350248,-0.1870561722077308
2.75,-0.28349960575194066,-1.762797579135013,-0.2642072781241156
2.7600000000000002,-0.3009744861222555,-1.7319121462450922,-0.3391273466069939
2.77,-0.3181326019074052,-1.6994517315150794,-0.3737531755065761
2.7800000000000002,-0.3349584074584057,-1.6654577764780345,-0.27540125980396246
2.79,-0.35143678461886024,-1.6299730143754534,-0.3382993233615033
2.8000000000000003,-0.36755304643906545,-1.5930413863904545,-0.3435458762694849
2.81,-0.38329294235745215,-1.5547079207316716,-0.4705222417061618
2.82,-0.3986426829736156,-1.5150185538382117,-0.3522707588957066
2.83,-0.4135889469347328,-1.4740200681344118,-0.39086793002401465
2.84,-0.42811888094526507,-1.4317599939606576,-0.483640415165989
2.85,-0.4422201041824142,-1.3882864999625304,-0.46579634455491165
2.86,-0.4558807259530058,-1.3436482351583172,-0.44269486573517985
2.87,-0.46908934789261914,-1.297894290844879,-0.466466007974807
2.88,-0.48183505956325934,-1.2510741098214244,-0.4964436188534371
2.89,-0.4941074429655045,-1.2032373913793128,-0.49928185636880257
2.9,-0.5058965826928238,-1.1544339752467914,-0.518495451603168
2.91,-0.5171930653367229,-1.104713815739267,-0.5095649397315996
2.92,-0.5279879716834054,-1.0541269146478065,-0.4544133730337475
2.93,-0.5382728815966115,-1.002723243593779,-0.6666058036431763
2.94,-0.5480398781368224,-0.9505526754696896,-0.5598823913623067
2.95,-0.5572815440993208,-0.8976649659310397,-0.5484559230306985
2.96,-0.565990953863222,-0.8441097190825516,-0.551191254378867
2.97,-0.5741616777388657,-0.7899363270941462,-0.5927574068049302
2.98,-0.5817877822665876,-0.7351939430027156,-0.6696238713905167
2.99,-0.5888638232100406,-0.67993147695306,-0.5724640490243351
3.0,-0.5953848412662903,-0.6241975828499309,-0.5090173305580811
3.0100000000000002,-0.6013463638310674,-0.5680406239519122,-0.6780394340768743
3.02,-0.6067444030088804,-0.5115086715993854,-0.563553002323971
3.0300000000000002,-0.6115754472659422,-0.4546495249626057,-0.6280017084220868
3.04,-0.615836461355188,-0.39751070176162195,-0.6189026786466304
3.0500000000000003,-0.619524885748871,-0.34013943107161876,-0.6721698112840684
3.06,-0.6226386316576621,-0.28258267761872274,-0.6393614402754559
3.0700000000000003,-0.6251760771291842,-0.2248871656231519,-0.5601738473942363
3.08,-0.627136067012953,-0.1670993760091915,-0.5980033049135677
3.09,-0.6285179109158471,-0.10926556067497109,-0.5419023306453499
3.1,-0.6293213785832161,-0.05143178697116692,-0.5704507841343315
3.11,-0.6295466996771458,0.006356056101857938,-0.607592365730667
3.12,-0.6291945627103022,0.06405224922339359,-0.5419978364019126
3.13,-0.6282661121714939,0.1216111986028672,-0.6063164542345789
3.14,-0.6267629478387028,0.17898741892803455,-0.5853635389988499
3.15,-0.6246871240536435,0.23613552915373645,-0.6395156717303789
3.16,-0.6220411485378144,0.2930102174175314,-0.6187138577448542
3.17,-0.6188279819670919,0.3495662185145344,-0.6536991731321057
3.18,-0.6150510371977015,0.40575831699993037,-0.5655718404679588
3.19,-0.6107141790470451,0.4615413246718012,-0.6696293602027883
3.2,-0.6058217247837727,0.51687005586816,-0.5667042076628896
3.21,-0.6003784429167138,0.5716993430756725,-0.6099109957919718
3.22,-0.5943895530683461,0.6259840315326523,-0.53582719839498
3.23,-0.5878607277229793,0.6796789539328891,-0.5503172782864163
3.24,-0.5807980905582052,0.7327389616309832,-0.4897657826758651
3.25,-0.5732082153961363,0.7851189374745741,-0.5366694808392041
3.2600000000000002,-0.5650981282286156,0.8367737851134944,-0.6437001410112777
3.27,-0.5564753067563307,0.8876584575896441,-0.5598229654012408
3.2800000000000002,-0.5473476768396008,0.9377280042280937,-0.6059480364693416
3.29,-0.5377236127324603,0.986937581922448,-0.563637604850774
3.3000000000000003,-0.5276119398612095,1.0352424672010025,-0.4520505181973734
3.31,-0.51702192805687,1.082598144811084,-0.4851452375119852
3.3200000000000003,-0.505963289092135,1.1289603386316613,-0.5409098105210722
3.33,-0.49444617823369547,1.174285039473388,-0.5451320465557155
3.34,-0.48248119168957476,1.2185285705869673,-0.4808420870457617
3.35,-0.47007935636599935,1.2616476919111361,-0.5309073638350558
3.36,-0.45725212814420285,1.303599627898396,-0.4908091420140319
3.37,-0.44401139327067035,1.3443421213927564,-0.4284109196931082
3.38,-0.430369456482304,1.3838335539334983,-0.3726038546769692
3.39,-0.4163390307950564,1.4220330338571063,-0.38590095718383444
3.4,-0.4019332345666255,1.4589004431733272,-0.5164977099965304
3.41,-0.38716559078791646,1.4943965097352732,-0.37194725433640347
3.42,-0.3720500048974904,1.528482969127224,-0.3684483262358615
3.43,-0.3566007562292297,1.5611226269049998,-0.33590624196059504
3.44,-0.34083249265709176,1.592279427190107,-0.2600220085745314
3.45,-0.3247602246594719,1.621918542223404,-0.42792213849970906
3.46,-0.30839929519804116,1.6500065431886506,-0.3379544664575964
3.47,-0.2917653724782315,1.6765114433329236,-0.26222005633856377
3.48,-0.2748744415371479,1.701402779328524,-0.35395416150984504
3.49,-0.2577427904901085,1.724651711920556,-0.18394533808743307
3.5,-0.24038697603593656,1.7462311752568858,-0.22196914540090365
3.5100000000000002,-0.22282381675661395,1.7661159080207147,-0.18049461746444373
3.52,-0.20507038125131366,1.7842825352814318,-0.23361756432740338
3.5300000000000002,-0.18714396471214204,1.8007096665553681,-0.14645578021383152
3.54,-0.16906205469704533,1.8153780023876511,-0.1156384768975934
3.5500000000000003,-0.15084232378312495,1.8282703580361481,-0.13919842277626654
3.56,-0.13250261417288126,1.8393717315483,-0.12078256953794646
3.5700000000000003,-0.11406090361304624,1.8486693817443791,-0.10054374164895995
3.58,-0.09553527745622482,1.8561528832371732,-0.1387025406931939
3.59,-0.0769439177567279,1.8618141439279132,-0.08432035176874556
3.6,-0.05830508545060268,1.8656474440302782,-0.06593121207322061
3.61,-0.03963707653043667,1.8676494764647584,-0.020467383312761912
3.62,-0.020958205084988423,1.8678193596750665,0.029033007260526312
3.63,-0.002286788297053508,1.8661586373454806,-0.05521359239597398
3.64,0.016358879131911662,1.8626712823868914,0.01010842761593278
3.65,0.03496056613181808,1.8573636870246317,0.10903334351476675
3.66,0.05350011532267746,1.8502446518637978,0.016320703882049252
3.67,0.07195946085476308,1.8413253543177728,0.030846959990247065
3.68,0.09032066447459167,1.830619305501014,0.10043597406615135
3.69,0.10856594108411127,1.8181423139632549,0.15078520060837727
3.7,0.12667767041778003,1.803912442119896,0.127248973195813
3.71,0.14463841592115695,1.7879499471807865,0.21108644544300642
3.72,0.1624309650093717,1.7702771863413793,0.20527066413769807
3.73,0.18003833957902918,1.7509185823872553,0.22212934292353226
3.74,0.19744380834142042,1.7299005414305124,0.2251496334076251
3.75,0.2146309126516376,1.7072513551273232,0.33101356766894185
3.7600000000000002,0.23158349489947958,1.6830010994274098,0.22132541045617737
3.77,0.2482857049463823,1.6571815852964922,0.1481095903430566
3.7800000000000002,0.26472201017442376,1.629826256019971,0.3449347282502808
3.79,0.28087722511240465,1.6009700518418228,0.25799225356456335
3.8000000000000003,0.2967365263823547,1.570649334106369,0.30213054859950633
3.81,0.3122854578389245,1.538901806678977,0.37776299208195085
3.8200000000000003,0.32750993867764766,1.5057664150907994,0.24739696162470137
3.83,0.34239629064945254,1.471283189935353,0.27981392994414556
3.84,0.35693124433780693,1.4354932000531198,0.27686734748186426
3.85,0.37110194118516526,1.3984384583103002,0.33139512668389404
3.86,0.38489594206009614,1.3601618203384813,0.4068777723609458
3.87,0.39830124692351004,1.3207068438270881,0.4245106390641486
3.88,0.41130629707396454,1.2801177554175185,0.42512000604039224
3.89,0.4238999733226992,1.2384393594969116,0.3532616791280809
3.9,0.4360716049490484,1.1957169416602809,0.32056643311741617
3.91,0.44781098156669963,1.151996161965712,0.45052866083621873
3.92,0.45910835288001733,1.1073230269018646,0.43551955119810054
3.93,0.46995442391992504,1.0617438167267579,0.4929237125057556
3.94,0.4803403638710872,1.0153049979687672,0.5154380451821508
3.95,0.49025781153261694,0.9680531574151222,0.49716988313555105
3.96,0.4996988724401298,0.9200349754977265,0.5377055267089225
3.97,0.5086561139323261,0.871297181972109,0.5201166826380795
3.98,0.5171225723994929,0.8218864795926045,0.5436258076795663
3.99,0.5250917544498184,0.771849515480957,0.48985809130632424
4.0,0.5325576309221346,0.7212328648381465,0.5235770602305617
4.01,0.539514635205506,0.6700830013998841,0.5493534400383538
4.0200000000000005,0.5459576669286121,0.618446248240206,0.5869840906994831
4.03,0.5518820903903171,0.5663687712388438,0.5321950317790884
4.04,0.5572837274308721,0.5138965814187776,0.5833420902174777
4.05,0.5621588590802578,0.461075508038047,0.5488669194844888
4.0600000000000005,0.5665042258958588,0.4079511807711466,0.5606271175294523
4.07,0.5703170233548434,0.3545690421243581,0.611792975456047
4.08,0.5735948986597289,0.3009743545293205,0.4739418801070211
4.09,0.5763359516895407,0.24721218167976636,0.5115123352858026
4.1,0.5785387332273739,0.19332739442047148,0.5044294633552329
4.11,0.5802022401924775,0.13936469982504013,0.4635214342000622
4.12,0.5813259158874734,0.08536863334079722,0.5474126938797146
4.13,0.5819096491715692,0.031383558203116925,0.6193813441579562
4.14,0.581953771135621,-0.022546303582506894,0.5677095678164922
4.15,0.5814590541416362,-0.07637686347624406,0.5913485582387289
4.16,0.5804267112090681,-0.130064171869333,0.6348875860446077
4.17,0.5788583942184362,-0.18356439414666684,0.6452427008318208
4.18,0.5767561927491586,-0.23683379306071714,0.5732992960128516
4.19,0.5741226331810195,-0.2898287390920223,0.6418019276594894
4.2,0.5709606777587352,-0.34250569545087783,0.5755670106804406
4.21,0.5672737240335625,-0.3948211971883846,0.5254038128421894
4.22,0.5630656033525471,-0.4467318695112489,0.5333455857426103
4.23,0.5583405801778374,-0.4981944246857303,0.4843137545495866
4.24,0.553103352367531,-0.5491656402005425,0.5086966596808484
4.25,0.5473590491076337,-0.5996023871688418,0.5294582147039122
4.26,0.5411132296066801,-0.6494616418234426,0.5812924805756101
4.2700000000000005,0.5343718838241398,-0.6987004731043497,0.620410375382439
4.28,0.5271414309101209,-0.7472760693712002,0.4580323551412689
4.29,0.5194287158714672,-0.7951457752254975,0.5390700892844632
4.3,0.5112410094636802,-0.84226709695763,0.4592138125058035
4.3100000000000005,0.502586008996932,-0.888597713874554,0.5263208634200921
4.32,0.49347183179094184,-0.9340955507924522,0.48691749925655553
4.33,0.4839070133403841,-0.9787187982981094,0.39236172204800757
4.34,0.4739005083824666,-1.0224259297250389,0.5203153579608908
4.3500000000000005,0.4634616857771614,-1.0651757680643241,0.43321165013672486
4.36,0.4526003210779439,-1.1069275544764734,0.42590530915926617
4.37,0.44132659503566574,-1.1476409743138012,0.3878389744711812
4.38,0.429651094153998,-1.1872761946294386,0.39693693031962024
4.39,0.41758479704314655,-1.2257939810326983,0.4389793190778924
4.4,0.4051390690489748,-1.2631557418116484,0.3956768520021545
4.41,0.3923256600830727,-1.2993235737788014,0.40875876019719676
4.42,0.379156700129649,-1.3342603309381456,0.3972527928260912
4.43,0.36564468005259676,-1.3679297565899828,0.4316777628290051
4.44,0.3518024476341648,-1.400296513189722,0.33466314009094583
4.45,0.3376432038569224,-1.431326247452538,0.2638003130146358
4.46,0.32318049023859546,-1.4609856877412444,0.37654161106719464
4.47,0.30842816758200603,-1.4892427639079995,0.2918537589771433
4.48,0.29340041177301396,-1.5160666355120545,0.3491300340018828
4.49,0.2781117075730963,-1.541427768154775,0.2972805632322198
4.5,0.2625768269870926,-1.5652980449245277,0.2560199504769254
4.51,0.24681080825248622,-1.5876508613261102,0.264249602954801
4.5200000000000005,0.23082894995713724,-1.6084611567915186,0.3283795779634522
4.53,0.21464680190507854,-1.6277054898001038,0.3184958283577662
4.54,0.19828013465132913,-1.6453621469372262,0.20174919140796807
4.55,0.18174492101064058,-1.6614112062992388,0.18975445067649435
4.5600000000000005,0.16505732701906556,-1.6758345718303698,0.21886933489238483
4.57,0.14823369997963975,-1.688616034228123,0.1059506483412724
4.58,0.131290530049369,-1.699741361279002,0.14794404868028174
4.59,0.1142444364788672,-1.7091983295716562,0.11295129408117438
4.6000000000000005,0.09711215545334977,-1.7169767527493929,0.11280756602622745
4.61,0.079910522272021,-1.7230685241952335,0.03824208197455071
4.62,0.06265643091803849,-1.7274676676303973,-0.01682194374740996
4.63,0.04536682462210008,-1.7301703467643856,-0.058282347177464514
4.64,0.02805868125300278,-1.7311748762581312,-0.02781052439647761
4.65,0.010748986575130577,-1.7304817374553392,-0.012184777671836074
4.66,-0.0065452997081573705,-1.7280935851771593,-0.02120487904059546
4.67,-0.02380725227556826,-1.7240152412936076,0.07305430584590758
4.68,-0.041019996358578566,-1.7182536800554882,0.014279672136786346
4.69,-0.058166743125265166,-1.7108180050341484,-0.10627129894234653
4.7,-0.07523081080664157,-1.7017194302019603,-0.057845388184093724
4.71,-0.09219563563913782,-1.6909712485712742,-0.11254954745665408
4.72,-0.10904478954830082,-1.6785887932828738,-0.12326298145030558
4.73,-0.12576201821720487,-1.6645893714054671,-0.11649573574643576
4.74,-0.14233125065801883,-1.64899223966222,-0.11137269480924916
4.75,-0.1587366108982901,-1.6318185429324623,-0.17569953509249087
4.76,-0.17496244233546682,-1.6130912420668002,-0.1217698656987489
4.7700000000000005,-0.19099333578803473,-1.5928350344393487,-0.24809024709515493
4.78,-0.20681413568777487,-1.5710763169785236,-0.20649718256966146
4.79,-0.2224099500962034,-1.5478431047613705,-0.09252626376641179
4.8,-0.23776617934064548,-1.5231649244520482,-0.22661219220938172
4.8100000000000005,-0.25286853206493676,-1.4970727484273234,-0.1812078067346281
4.82,-0.2677030307938756,-1.4695989330617374,-0.2631270218852152
4.83,-0.2822560199279227,-1.440777136229696,-0.2532171651614329
4.84,-0.2965141937424281,-1.4106421844391384,-0.29935335346206265
4.8500000000000005,-0.31046460386334257,-1.3792300292445587,-0.3189849829215528
4.86,-0.3240946626054515,-1.3465776692347737,-0.36306878244172247
4.87,-0.337392151449502,-1.312723064525035,-0.31587708350162436
4.88,-0.3503452429130839,-1.2777050079137386,-0.3929221023723723
4.89,-0.36294250378871096,-1.2415630939466955,-0.3296632419730395
4.9,-0.3751728952673105,-1.2043376387430664,-0.320908545045015
4.91,-0.38702578215101274,-1.166069594374899,-0.36869921178915127
4.92,-0.3984909474216448,-1.1268004431653245,-0.4128033840994294
4.93,-0.40955859305224024,-1.0865721720773416,-0.38686031408680543
4.94,-0.42021933726906396,-1.0454272033418164,-0.4356529900463846
4.95,-0.4304642241668835,-1.0034083121950783,-0.38368686789362605
4.96,-0.44028473160043646,-0.9605585544386899,-0.5318550358111926
4.97,-0.4496727698762892,-0.9169212413481225,-0.4664531382822215
4.98,-0.4586206779738129,-0.8725398913861151,-0.5581612777300128
4.99,-0.4671212325100616,-0.8274581528854231,-0.5418742740214219
5.0,-0.4751676505261313,-0.7817197667397644,-0.40697453903543584
5.01,-0.4827535854783061,-0.7353685453696976,-0.4379943363797218
5.0200000000000005,-0.4898731257925025,-0.6884483397492264,-0.5258471374567419
5.03,-0.4965208007251752,-0.6410029788140605,-0.57164597352722
5.04,-0.5026915799914944,-0.5930762567833794,-0.650918021883577
5.05,-0.5083808679289958,-0.5447119254461419,-0.5355556433256276
5.0600000000000005,-0.5135845055330988,-0.49595366134516333,-0.39256375492072865
5.07,-0.5182987723323496,-0.4468450355857898,-0.4965545587591672
5.08,-0.5225203831790373,-0.39742951560861955,-0.5504989974815118
5.09,-0.5262464847489854,-0.3477504661038554,-0.5029924742739701
5.1000000000000005,-0.5294746577254554,-0.29785111770940265,-0.6075225753751776
5.11,-0.5322029159515329,-0.2477745630384329,-0.5470690840864146
5.12,-0.5344297018534512,-0.1975637742259546,-0.5294558282026642
5.13,-0.5361538867754315,-0.1472615891790337,-0.5404589193664839
5.14,-0.537374770893098,-0.09691069922177047,-0.497834464808594
5.15,-0.5380920802695559,-0.046553666451695494,-0.5208598189577532
5.16,-0.5383059653208271,0.0037670698726589708,-0.5048896644154273
5.17,-0.5380170006690828,0.054009210234103225,-0.5724356147806208
5.18,-0.5372261835162925,0.1041305843958222,-0.49233541309576506
5.19,-0.5359349317791682,0.15408913346886174,-0.4544880843979686
5.2,-0.5341450833294022,0.20384292836537926,-0.5826525593119729
5.21,-0.5318588949030465,0.2533501669581615,-0.5762436776887745
5.22,-0.5290790407743465,0.3025691533919286,-0.4622898239583349
5.23,-0.5258086113030296,0.35145831863517385,-0.5353758106377826
5.24,-0.5220511117970468,0.39997622658191917,-0.4518600421937189
5.25,-0.517810461806153,0.4480815561526551,-0.5399372474007622
5.26,-0.5130909933099669,0.4957331224059671,-0.4403387144964313
5.2700000000000005,-0.5078974487370288,0.5428898961680715,-0.5013231578967562
5.28,-0.5022349805545645,0.5895109960108597,-0.48932353938842976
5.29,-0.49610915002879447,0.635555701948015,-0.41787324894529926
5.3,-0.4895259232998208,0.6809834967394365,-0.5076144471720294
5.3100000000000005,-0.4824916704299365,0.7257540724033428,-0.5295477752261845
5.32,-0.47501316566207546,0.7698273331526574,-0.4974413760634932
5.33,-0.4670975813802822,0.8131634578806745,-0.44448088384812523
5.34,-0.4587524855368216,0.8557229231623776,-0.5370404391458473
5.3500000000000005,-0.4499858415410859,0.8974665143810775,-0.4181122964085298
5.36,-0.44080600427872624,0.9383553743259564,-0.4677445701596134
5.37,-0.43122171230449285,0.9783510693002463,-0.37383107926781467
5.38,-0.42124208608743435,1.0174156084611412,-0.5409551013324579
5.39,-0.4108766278138658,1.0555114715415108,-0.45020491656907424
5.4,-0.40013520964635685,1.092601703986037,-0.48445861720806194
5.41,-0.38902806797924006,1.1286499597940711,-0.4303395412974377
5.42,-0.37756580111843946,1.1636205354060574,-0.3651825060629923
5.43,-0.36575936530386965,1.1974784235228204,-0.3747206965763574
5.44,-0.3536200574373822,1.2301894259180697,-0.3662889358847829
5.45,-0.34115951126427413,1.261720179607481,-0.34911875483327715
5.46,-0.3283896939259771,1.2920382068288099,-0.3182202818949799
5.47,-0.3153228945366579,1.3211119974103633,-0.3657496966338133
5.48,-0.3019717054635656,1.348911110190131,-0.26662922341861306
5.49,-0.2883490184773275,1.3754061971847529,-0.2552157199580533
5.5,-0.2744680194768349,1.4005690638424417,-0.25521612259402987
5.51,-0.2603421687688049,1.4243727673134599,-0.23251549663124174
5.5200000000000005,-0.2459851830566222,1.4467916960450755,-0.23116428301618924
5.53,-0.23141103006481786,1.4678015975211538,-0.1296573649282645
5.54,-0.21663392108708696,1.487379638927036,-0.22098862963971244
5.55,-0.201668283275532,1.5055045064348886,-0.21702244419226083
5.5600000000000005,-0.18652874380777093,1.522156459550026,-0.2242051228256398
5.57,-0.17123012189322256,1.5373173613430582,-0.22284325542211442
5.58,-0.15578741906454002,1.5509707299603748,-0.21801100844459378
5.59,-0.14021578452659925,1.5631018239262895,-0.18465565018814517
5.6000000000000005,-0.12453050271945348,1.5736976720677542,-0.12806452180205705
5.61,-0.1087469828433438,1.5827470988796866,-0.09203222641845808
5.62,-0.09288074484793384,1.5902407633632647,-0.09032364192032574
5.63,-0.07694738190328065,1.5961712130056736,-0.1152241457747663
5.64,-0.06096255130011229,1.600532895480284,-0.015953323099114125
5.65,-0.04494196210762467,1.603322170738098,-0.007971328492577291
5.66,-0.028901354588745223,1.6045373309129909,-0.036883769959846074
5.67,-0.012856465520971729,1.6041786161183804,-0.04550227275420733
5.68,0.003176978880038546,1.6022482132511626,0.030598374921528525
5.69,0.019183276523121802,1.598750247944989,0.028581955897427028
5.7,0.035146777518428034,1.5936907764933717,-0.03725958545232435
5.71,0.05105191019016144,1.5870777722135796,0.047652897390941196
5.72,0.06688318911589881,1.578921108536898,0.07998497971961786
5.73,0.08262522836808397,1.569232530999233,0.03764048904369628
5.74,0.09826277595776084,1.558025612169383,0.10775494559963299
5.75,0.11378072846650678,1.5453157279304441,0.04103960420361731
5.76,0.12916414052958713,1.5311200168952028,0.1959734455301957
5.7700000000000005,0.14439824019972575,1.5154573337257635,0.20679573945269733
5.78,0.15946846220232072,1.498348172718778,0.1468425954871725
5.79,0.17436045491488117,1.4798146444295475,0.19253317180683482
5.8,0.189060089197223,1.4598804121545255,0.06856399090722926
5.8100000000000005,0.20355347796889856,1.4385706218132206,0.14573609495563192
5.82,0.21782700134597155,1.4159118183642785,0.20313805533836507
5.83,0.23186731092306243,1.3919319167805335,0.17826065985171946
5.84,0.24566133643942656,1.3666601255836206,0.2813811605709595
5.8500000000000005,0.25919630756757933,1.3401268559786945,0.35906113410497903
5.86,0.2724597703550898,1.3123636481539616,0.21362903438362468
5.87,0.28543959038257494,1.2834031308773886,0.2435664201783153
5.88,0.29812395683997206,1.2532789468687544,0.3098963752554686
5.89,0.3105014041091631,1.2220256462457524,0.39105721153414413
5.9,0.3225608211069274,1.1896786319046124,0.26144210547993224
5.91,0.334291452909514,1.1562741094123283,0.3467432590248611
5.92,0.34568290360534193,1.1218490212552745,0.4367478461459974
5.93,0.3567251549113801,1.0864409370246104,0.2741371975024168
5.94,0.367408570683052,1.0500880181201309,0.3033551103407604
5.95,0.3777238961683021,1.0128289665357155,0.3565435658452602
5.96,0.38766226158760453,0.974702964788587,0.361632840944834
5.97,0.3972151956444167,0.935749581300674,0.43784526003209895
5.98,0.4063746270372585,0.8960087483118108,0.4184576130283004
5.99,0.4151328813396536,0.8555207181075891,0.3263847783575472
6.0,0.42348268632658903,0.8143260055784431,0.4492532064716296
6.01,0.4314171797582539,0.7724653213794123,0.40254023539047135
6.0200000000000005,0.4389299086709321,0.7299795565275067,0.502652269517994
6.03,0.44601482533582865,0.6869097525890044,0.41463544851398265
6.04,0.45266629377281065,0.6432970447802654,0.4208355296176989
6.05,0.4588790925566067,0.5991826273690224,0.4859356730968333
6.0600000000000005,0.4646484116460465,0.5546077432735452,0.5027947357628934
6.07,0.46996985081528014,0.50961366389589,0.49237481901209035
6.08,0.47483942433497756,0.4642416399228504,0.39055955846573714
6.09,0.47925356060344043,0.41853289158234075,0.506155282599853
6.1000000000000005,0.4832090976025547,0.3725286089286721,0.4314936950188347
6.11,0.48670328477471564,0.32626992333404203,0.49846709035412884
6.12,0.4897337842257185,0.2797978835103702,0.4185470624557655
6.13,0.4922986678420476,0.2331534606046907,0.5146147752192008
6.140000000000001,0.4943964154236384,0.1863775468063541,0.45406647020826973
6.15,0.49602591604827306,0.1395109257556661,0.431894183535247
6.16,0.49718646690256496,0.0925942720362749,0.5328774737266849
6.17,0.49787777018530166,0.0456681651843162,0.5099599962691392
6.18,0.4980999334768172,-0.001226933381419687,0.46740109340717234
6.19,0.49785346908139283,-0.048050689148223344,0.570412411532446
6.2,0.4971392915979506,-0.0947628784954658,0.4751066705194635
6.21,0.495958717094857,-0.1413234007759203,0.49756410079340374
6.22,0.49431346222181943,-0.18769229513185667,0.5077591346057495
6.23,0.4922056426136326,-0.23382972860346396,0.4612223459072019
6.24,0.4896377715514675,-0.2796960002754769,0.513194586221464
6.25,0.4866127583141948,-0.3252515662096213,0.4599401409559586
6.26,0.4831339069891063,-0.3704570350067521,0.46255199087829585
6.2700000000000005,0.4792049153290244,-0.41527316516224655,0.5473370473191914
6.28,0.4748298718533711,-0.45966090065199094,0.42280056922774945
6.29,0.47001325461405985,-0.5035813765980577,0.34937423806758533
6.3,0.4647599304678918,-0.5469959131329885,0.5453067802184866
6.3100000000000005,0.4590751512509156,-0.5898660575332018,0.5865415488812658
6.32,0.4529645513660583,-0.6321536049267437,0.4327010880935917
6.33,0.4464341470736342,-0.673820598719573,0.3495922450426249
6.34,0.4394903334872359,-0.7148293624619354,0.4239661346774387
6.3500000000000005,0.4321398790278696,-0.755142548299292,0.41782873153583616
6.36,0.42438992390824465,-0.7947231486334516,0.4148937318571318
6.37,0.4162479794704163,-0.8335345101158492,0.36057857737432386
6.38,0.4077219193007231,-0.8715404076116644,0.43669997642454694
6.390000000000001,0.39881997573348377,-0.9087050704538607,0.4250453444977881
6.4,0.389550738457935,-0.9449932019775956,0.31483045746696964
6.41,0.37992314921079884,-0.9803700302712466,0.4148829857955432
6.42,0.36994649076139574,-1.0148013841222716,0.4725807398586903
6.43,0.35963038438526784,-1.0482537123068494,0.36822840100712084
6.44,0.3489847880163226,-1.0806941165759416,0.3321185299128973
6.45,0.33801998315989185,-1.1120904382796475,0.3309198224395158
6.46,0.32674656567759874,-1.142411313088901,0.3575094040260268
6.47,0.31517544196553354,-1.1716262008960117,0.22864186169017264
6.48,0.3033178255711059,-1.1997054286329498,0.311537360719971
6.49,0.29118521643827355,-1.2266202981624332,0.27166201896513303
6.5,0.27878939446324563,-1.252343119005525,0.3711806451110479
6.51,0.26614241395599403,-1.276847248560458,0.2574337772657461
6.5200000000000005,0.2532565957442789,-1.3001071474098616,0.33665097630025487
6.53,0.24014450226164058,-1.3220984828459357,0.1849574673725402
6.54,0.22681893248983803,-1.3427981500628108,0.25618189082997767
6.55,0.2132929145940275,-1.3621843165745,0.22926292778358892
6.5600000000000005,0.19957969233825115,-1.380236483115535,0.15612732994501202
6.57,0.1856926985223415,-1.3969355688255567,0.19456250425418853
6.58,0.17164555024535197,-1.4122639263487275,0.23227149208693199
6.59,0.15745203970410834,-1.4262053829934456,0.1412624544897783
6.6000000000000005,0.14312611474251075,-1.4387452972782793,0.058527982284022576
6.61,0.12868185270090046,-1.4498706187461523,0.12780371137702817
6.62,0.11413345526146376,-1.4595698984239156,0.06901230052183813
6.63,0.09949523766598772,-1.467833319454824,0.08237819073279361
6.640000000000001,0.08478160349012537,-1.474652739657977,0.08070221500586931
6.65,0.0700070212741126,-1.4800217236773867,-0.015275589526663275
6.66,0.05518601811788416,-1.4839355476410625,-0.025596898848149745
6.67,0.04033316793511578,-1.4863912137483482,0.06443650971139205
6.68,0.025463060762673906,-1.4873874701020846,-0.000672874045810113
6.69,0.010590284773633706,-1.4869248188585655,-0.11764693231739466
6.7,-0.004270582305939637,-1.485005510398073,0.03497161952446712
6.71,-0.019104985468207568,-1.4816335405583698,-0.005486497704495575
6.72,-0.03389842704836002,-1.4768146400618607,-0.06959216825018422
6.73,-0.04863647795460232,-1.470556268057326,-0.1144779885075144
6.74,-0.06330478749692585,-1.4628675898388661,-0.021514392681208985
6.75,-0.07788909926401541,-1.4537594552278708,-0.06042156813599393
6.76,-0.09237528336550344,-1.443244359199296,0.026754830768700236
6.7700000000000005,-0.10674934311132082,-1.4313364280894982,-0.08573991317507396
6.78,-0.12099742462814607,-1.4180513787552473,-0.10161226756504532
6.79,-0.1351058375573524,-1.4034064738102594,-0.14345223406278065
6.8,-0.14906108024041062,-1.387420467447825,-0.10822228688037107
6.8100000000000005,-0.16284984455699722,-1.3701135834797937,-0.13159558449458952
6.82,-0.1764590241533026,-1.3515074599539998,-0.11387277372504286
6.83,-0.1898757383107041,-1.3316250805890948,-0.21594188424256833
6.84,-0.20308734909874712,-1.3104907206709668,-0.22485772274594523
6.8500000000000005,-0.21608146582355695,-1.2881299122586753,-0.24003662436915596
6.86,-0.22884595108608374,-1.2645693850043098,-0.18930586502713428
6.87,-0.2413689454169745,-1.2398369758342924,-0.1664502234021379
6.88,-0.25363887765490023,-1.2139615846468166,-0.27658090231236526
6.890000000000001,-0.26564446846226514,-1.1869731279580948,-0.28688315485191973
6.9,-0.2773747352487736,-1.1589024809642436,-0.26167087405528366
6.91,-0.2888190144645318,-1.1297813763255808,-0.30110708946517684
6.92,-0.29996696736693124,-1.0996423715169032,-0.2523642847099367
6.93,-0.3108085816486807,-1.0685187976156671,-0.42339744617963304
6.94,-0.3213341765775351,-1.0364447021042298,-0.36266942892337983
6.95,-0.33153442069269706,-1.003454752147738,-0.37065523739076933
6.96,-0.3414003346490347,-0.9695842111131399,-0.45741813526834196
6.97,-0.3509232905981086,-0.9348688895564412,-0.3991052128165488
6.98,-0.3600950183895351,-0.8993450881943432,-0.40585282418183144
6.99,-0.3689076177347637,-0.863049518063316,-0.3789628504607052
7.0,-0.3773535590109773,-0.826019282941665,-0.3217052644279641
7.01,-0.3854256808542397,-0.788291838759042,-0.39767871341377486
7.0200000000000005,-0.3931171976724688,-0.7499049353846376,-0.4446578836860265
7.03,-0.4004217062290003,-0.7108965626898823,-0.40326943328967674
7.04,-0.40733318463649437,-0.6713049345456561,-0.3548745035644269
7.05,-0.41384598992862504,-0.6311684613795405,-0.46264393073437027
7.0600000000000005,-0.4199548656225518,-0.5905256900768724,-0.46548360981862424
7.07,-0.4256549437982213,-0.5494152781837004,-0.3977274958345101
7.08,-0.43094174200881813,-0.5078759822795565,-0.44201854779535815
7.09,-0.4358111637629902,-0.4659466321185016,-0.40343692922751645
7.1000000000000005,-0.4402595031099998,-0.423666083396746,-0.4409418426997646
7.11,-0.4442834439497752,-0.3810732099714533,-0.4092002615452969
7.12,-0.44788005643163503,-0.3382069001613299,-0.49963396213366706
7.13,-0.45104679988651575,-0.29510602069841396,-0.45165103242592913
7.140000000000001,-0.4537815237538993,-0.25180939564268995,-0.4643160244720571
7.15,-0.45608246471880726,-0.2083558096737893,-0.5168770109240138
7.16,-0.45794824605937456,-0.16478399666152366,-0.536122143452809
7.17,-0.45937787900169513,-0.12113260806049418,-0.42509042723796203
7.18,-0.4603707613431236,-0.07744021252520522,-0.4779183804540225
7.19,-0.46092667506521334,-0.03374530196780068,-0.5120406891475798
7.2,-0.46104578681389635,0.00991373913856708,-0.46585473366006297
7.21,-0.4607286471788804,0.05349864186164589,-0.4043277043114153
7.22,-0.45997618836295656,0.0969712422044222,-0.5740130806315527
7.23,-0.4587897234820246,0.14029350308357333,-0.533621657977191
7.24,-0.4571709456053628,0.18342753156073827,-0.5033152677001262
7.25,-0.45512192605431206,0.22633557014473232,-0.38206298271829564
7.26,-0.45264511291279996,0.268980010791863,-0.43851576376683515
7.2700000000000005,-0.4497433292725483,0.31132342136375424,-0.41137746724948693
7.28,-0.44641977188008614,0.3533285427805542,-0.5034278178363977
7.29,-0.44267800961171533,0.39495829452282094,-0.49865480337524165
7.3,-0.438521980295582,0.4361758126949138,-0.41613129445944647
7.3100000000000005,-0.4339559893313884,0.47694445608349323,-0.4310422727846161
7.32,-0.428984708539057,0.5172278048542133,-0.4015477675958507
7.33,-0.42361317169386026,0.5569897064272057,-0.4329967212402829
7.34,-0.41784677212112475,0.5961942947156682,-0.4039395857983934
7.3500000000000005,-0.41169126151822716,0.634805992560986,-0.4037853072729717
7.36,-0.40515274616137414,0.6727895469264379,-0.36626437670712786
7.37,-0.3982376812583745,0.710110074438126,-0.35788726716115093
7.38,-0.39095286915527844,0.7467330726885032,-0.4719464688748669
7.390000000000001,-0.3833054579486886,0.782624435367747,-0.49566888571573137
7.4,-0.37530293212189864,0.8177505228624127,-0.3252156622393233
7.41,-0.3669531091264258,0.8520781853676648,-0.307566854463329
7.42,-0.3582641374540259,0.8855747807514046,-0.40929528842969276
7.43,-0.3492444906300646,0.918208222737544,-0.44223626095734603
7.44,-0.3399029563454511,0.9499470489652753,-0.33495121529509103
7.45,-0.33024863382020764,0.9807604380065247,-0.28370672250268114
7.46,-0.3202909313854373,1.0106182377789668,-0.23041120526372155
7.47,-0.3100395532541852,1.0394910440148255,-0.28422467464911266
7.48,-0.2995044906956623,1.0673502475765213,-0.3180903255249471
7.49,-0.2886960180636167,1.094168059928788,-0.33335254914285983
7.5,-0.27762468905015747,1.1199175493444562,-0.27705212446662475
7.51,-0.2663013165649645,1.1445727356037192,-0.28126455175922727
7.5200000000000005,-0.2547369666355104,1.168108617732716,-0.30549036192195117
7.53,-0.24294295286205148,1.1905012069606313,-0.14050517031888715
7.54,-0.23093082876136983,1.2117275728316554,-0.14167240865776326
7.55,-0.2187123640206861,1.23176593247578,-0.1619099298429147
7.5600000000000005,-0.20629953971914428,1.2505956683000716,-0.25234205960960066
7.57,-0.1937045412335522,1.268197363132809,-0.15095357501868828
7.58,-0.18093974588556688,1.2845528499176726,-0.14895842541067178
7.59,-0.16801769758555446,1.2996452848436209,-0.1458904163753518
7.6000000000000005,-0.15495110243976046,1.3134591594621468,-0.0924678390875716
7.61,-0.141752820188218,1.3259803319494554,-0.10998426304515413
7.62,-0.12843584726083368,1.3371960720863716,-0.0914351354456169
7.63,-0.11501329127138746,1.3470951130002036,-0.08316797710277696
7.640000000000001,-0.10149836649812059,1.3556676588002756,-0.08445879609801529
7.65,-0.08790438413420774,1.3629054063089587,-0.17708494061991692
7.66,-0.07424473099543155,1.3688015778905191,-0.07006367712490369
7.67,-0.06053284553051776,1.3733509496785217,-0.08834244347297403
7.68,-0.0467822127745117,1.3765498540443402,-0.11077426065651272
7.69,-0.03300635390016099,1.3783961876709045,0.051084477064880215
7.7,-0.01921880079370309,1.3788894259152225,0.06723096625058209
7.71,-0.005433075626169126,1.3780306293393145,0.06252795438861147
7.72,0.00833731528878867,1.3758224385067608,0.021097986131582404
7.73,0.02207889193714184,1.372269067128446,0.08961014798477468
7.74,0.035778229762927875,1.3673762924589539,0.03638088879301915
7.75,0.0494219745876939,1.3611514468721408,0.05956183843258287
7.76,0.06299685021780801,1.3536034001743387,0.008323281694708862
7.7700000000000005,0.0764896687419235,1.3447425401981676,0.0963392339668655
7.78,0.08988736172752096,1.3345807355074188,0.09290665814874181
7.79,0.10317698932381307,1.3231313211825348,0.03804438348208984
7.8,0.11634574810447584,1.3104090660934569,0.113785892513646
7.8100000000000005,0.12938098320174646,1.2964301400705145,0.12539450500890603
7.82,0.14227021713552657,1.2812120550435067,0.23214827546775857
7.83,0.15500115522262453,1.2647736493249073,0.199711821648295
7.84,0.1675616924029962,1.247135041285512,0.1681339643575695
7.8500000000000005,0.1799399273046888,1.2283175826671566,0.19237929279474295
7.86,0.19212418624726726,1.20834378894279,0.19433480515247717
7.87,0.20410302673813202,1.1872373220077397,0.19395732749835465
7.88,0.21586524251810618,1.1650229352668129,0.16174388264869183
7.890000000000001,0.22739987854417443,1.141726415418675,0.21984728466382797
7.9,0.2386962496303423,1.117374511509675,0.20139133679771665
7.91,0.2497439427840938,1.0919949155150992,0.18722816583793644
7.92,0.260532820205037,1.0656162053354796,0.2860939109324137
7.930000000000001,0.2710530342750374,1.0382677784352121,0.29061626727169915
7.94,0.2812950409392808,1.0099797877099554,0.19195966537087691
7.95,0.2912496011138712,0.9807831193491238,0.28511536923911485
7.96,0.3009077818769372,0.9507093404742044,0.3506928511719334
7.97,0.3102609708477123,0.9197906274285693,0.36322215779252837
7.98,0.3193008846074071,0.8880597156746997,0.370592726751669
7.99,0.3280195691001452,0.8555498738236815,0.32996522944521817
8.0,0.33640939992449953,0.8222948620094159,0.294157133526042
8.01,0.3444630953606422,0.7883288565359483,0.29027815399273915
8.02,0.3521737204957875,0.7536864184790995,0.36940396573330536
8.03,0.35953468605938715,0.7184024672462008,0.3784986877776453
8.040000000000001,0.3665397499718229,0.6825122444723943,0.4309063055520762
8.05,0.3731830271126421,0.6460512462550548,0.4281820096297463
8.06,0.37945899047975645,0.6090552067442503,0.3728475576531978
8.07,0.3853624685013686,0.5715600769555513,0.3231521745583251
8.08,0.39088864905211207,0.5336019847005511,0.3749333192015672
8.09,0.39603308464949727,0.49521718823977534,0.4068946443900235
8.1,0.400791691540852,0.4564420667841132,0.3906875292713818
8.11,0.4051607472691806,0.4173131068164338,0.37626604186529783
8.120000000000001,0.4091368956436631,0.3778668551123271,0.4217811363921581
8.13,0.4127171479675414,0.33813989835360686,0.3875192608970109
8.14,0.4158988802888836,0.2981688597614308,0.3844955761026149
8.15,0.41867983391269564,0.2579903782110228,0.4342524756278676
8.16,0.42105811786152236,0.2176410714177083,0.40095848885506213
8.17,0.4230322077100236,0.17715753210587587,0.4352374271589412
8.18,0.42460094326393083,0.13657632744353687,0.43826114440653696
8.19,0.4257635301886427,0.09593396277498542,0.36879208013406395
8.2,0.42651953977328133,0.05526686918511393,0.4024574835800107
8.21,0.42686890645533104,0.014611408838502343,0.49875775345115414
8.22,0.4268119276567045,-0.025996147321898963,0.3687079520199901
8.23,0.42634926350305474,-0.0665196433603497,0.3205165410545282
8.24,0.4254819350522654,-0.10692303467722944,0.3323896773901398
8.25,0.42421132296354147,-0.14717039732567233,0.4256668202923749
8.26,0.4225391663995295,-0.18722595946026094,0.42408503030116446
8.27,0.42046756165844457,-0.22705410317604435,0.4145870188871885
8.28,0.4179989605987245,-0.2666193652391262,0.47870845204514956
8.290000000000001,0.4151361682885881,-0.3058864743903106,0.28149444663344125
8.3,0.4118823416535392,-0.3448203602246423,0.4316790353750804
8.31,0.4082409878942781,-0.38338615051921304,0.48631289798445676
8.32,0.40421596127084164,-0.421549208600489,0.34782692302625595
8.33,0.39981146075619167,-0.4592751547146008,0.3808211351666969
8.34,0.395032028541584,-0.4965298665028486,0.35738743268015294
8.35,0.3898825470513871,-0.5332795050707897,0.34516524474751065
8.36,0.38436823413916726,-0.5694905567980338,0.36805513388801525
8.370000000000001,0.37849464132481075,-0.6051298418199038,0.449868905509036
8.38,0.37226765219669544,-0.6401645237597111,0.46413698597107145
8.39,0.3656934748774171,-0.6745621689788417,0.34889651362540974
8.4,0.35877863905185714,-0.7082907664577794,0.45403164975508065
8.41,0.35152999406126956,-0.7413187389971133,0.3533088179105008
8.42,0.3439547034266654,-0.773614984868986,0.43163925476171944
8.43,0.33606023632844956,-0.8051489325121638,0.331395303845775
8.44,0.32785436518685845,-0.8358905546313493,0.3344072564891657
8.45,0.31934516344775077,-0.8658103881681378,0.3376188870798925
8.46,0.3105409936945824,-0.8948796055608504,0.4694836776629592
8.47,0.30145050151725766,-0.9230700481245746,0.3440147802594971
8.48,0.29208261209052355,-0.9503542471170798,0.2567193855929504
8.49,0.28244652567337736,-0.9767054573430051,0.3308964191871703
8.5,0.2725517010272905,-1.0020977380070355,0.2544600741730734
8.51,0.2624078515001622,-1.0265059709631472,0.23792034235510176
8.52,0.25202494057759267,-1.0499058885899781,0.29745500857219825
8.53,0.24141317241624694,-1.0722741228656625,0.24296745180480459
8.540000000000001,0.23058297398806904,-1.0935882768709244,0.24451176971365934
8.55,0.2195449916563393,-1.1138269381826653,0.22024425274960394
8.56,0.20831008564519735,-1.1329697100548648,0.22513924197546908
8.57,0.19688931525762338,-1.1509972674971072,0.21813761012943084
8.58,0.18529392107188541,-1.1678914143244201,0.08844557443661465
8.59,0.17353532110516345,-1.1836350948588619,0.20686395453564013
8.6,0.1616251041579505,-1.1982124237413796,0.11252413316643547
8.61,0.1495750103605239,-1.2116087393918202,0.07746005358255333
8.620000000000001,0.13739691381812108,-1.2238106459265394,0.13447635162518695
8.63,0.12510281802959494,-1.2348060225980737,0.12930186819531767
8.64,0.11270484819777747,-1.24458404764352,0.07802953996916343
8.65,0.10021522802379582,-1.2531352410393286,0.14176682090719453
8.66,0.08764626312607865,-1.2604514913199454,0.020537504807533302
8.67,0.07501033562165907,-1.266526060919925,0.05466314818303112
8.68,0.06231989569365129,-1.271353600349377,0.033076188947001255
8.69,0.049587435424793144,-1.2749301743075692,0.047258071907826174
8.700000000000001,0.03682547373270307,-1.2772532738666573,0.05076868796506501
8.71,0.024046549988764425,-1.2783218154297156,-0.026348097492412813
8.72,0.011263215355860605,-1.2781361432991332,0.047477349228672014
8.73,-0.0015119957785918667,-1.27669803488375,0.00163812263814312
8.74,-0.014266578242146121,-1.2740107004808776,-0.10886389090774165
8.75,-0.026988063265145818,-1.2700787730483694,-0.12491763528499737
8.76,-0.03966402756110796,-1.2649082993295362,-0.04027999220757353
8.77,-0.052282122917763955,-1.258506721588478,-0.06333048880708166
8.78,-0.06483008535371193,-1.2508828693738723,-0.0700010910324436
8.790000000000001,-0.07729574259963977,-1.2420469378500543,-0.07869486542615067
8.8,-0.08966702415515328,-1.2320104678146164,-0.07838903217964424
8.81,-0.10193198996911743,-1.2207863052850656,-0.05454950947670244
8.82,-0.11407883658836084,-1.208388589746812,-0.16963408163423876
8.83,-0.1260959040629779,-1.1948327207909426,-0.18469448370801766
8.84,-0.13797168726647493,-1.180135326826525,-0.19263788016084407
8.85,-0.1496948616562115,-1.1643142085475775,-0.13524902829777613
8.86,-0.16125428747185175,-1.1473883255428199,-0.09900691853952948
8.870000000000001,-0.17263901536244225,-1.1293777537152982,-0.1942059872744178
8.88,-0.1838382983617927,-1.1103036440479135,-0.3089232905697754
8.89,-0.19484161381378953,-1.0901881570102696,-0.2800412569443083
8.9,-0.20563866632706407,-1.0690544481299507,-0.24729050246686465
8.91,-0.21621939170102902,-1.0469266204577954,-0.24410583607578976
8.92,-0.22657396893526927,-1.0238296758205727,-0.2469934002980056
8.93,-0.2366928379553544,-0.9997894471544966,-0.23476378180630855
8.94,-0.24656670163735597,-0.9748325833247543,-0.26215401817847833
8.950000000000001,-0.2561865279175597,-0.9489865014380645,-0.20371954739038933
8.96,-0.26554356158385695,-0.9222793327747445,-0.2993444268679254
8.97,-0.27462933755930435,-0.894739860187782,-0.31774523553308154
8.98,-0.28343568210151615,-0.8663975019790463,-0.2594919051754931
8.99,-0.2919547133357533,-0.8372822686676216,-0.3687368168320593
9.0,-0.3001788528027114,-0.8074247046809354,-0.2806942675367113
9.01,-0.3081008341742234,-0.77685583794258,-0.30297317498791004
9.02,-0.3157137035828091,-0.7456071616897684,-0.32308582807871744
9.03,-0.32301081934219,-0.7137105998455429,-0.24359701398472688
9.040000000000001,-0.32998586291547,-0.6811984444833239,-0.3610962351802059
9.05,-0.33663284336705124,-0.6481033231110349,-0.2336179348408473
9.06,-0.3429460964365214,-0.6144581790657528,-0.3542176688979264
9.07,-0.3489202852696713,-0.5802962432123755,-0.4127711075181827
9.08,-0.3545504091801801,-0.5456509729445934,-0.35105443013043885
9.09,-0.3598318049573092,-0.5105560360615663,-0.4136440649732476
9.1,-0.3647601445921291,-0.47504529482693697,-0.4023479369828041
9.11,-0.36933143848914557,-0.43915277174900624,-0.349479773488371
9.120000000000001,-0.37354204020805504,-0.4029126059056635,-0.3457629357755488
9.13,-0.37738864576035663,-0.36635904460775437,-0.40849703077306954
9.14,-0.38086829154264595,-0.32952643245509844,-0.3314980342903259
9.15,-0.3839783585711221,-0.2924491674102041,-0.32610297067006544
9.16,-0.38671657355148154,-0.25516168108321857,-0.314901485723317
9.17,-0.38908100655093614,-0.21769843576312714,-0.36261033619465005
9.18,-0.3910700714814443,-0.18009390361181626,-0.32289863587715933
9.19,-0.3926825280218295,-0.14238253076223062,-0.4867224494205324
9.200000000000001,-0.39391748051822645,-0.10459873311019895,-0.4098128079496496
9.21,-0.3947743761112795,-0.06677689371725685,-0.43812463892745085
9.22,-0.39525300579883016,-0.028951325173094303,-0.38929171274246055
9.23,-0.3953535040253678,0.00884374265243296,-0.42392596498520463
9.24,-0.3950763465136903,0.04657416008086658,-0.4033842386111769
9.25,-0.3944223498286695,0.08420588395780715,-0.30031360581846706
9.26,-0.39339267070037387,0.12170500153370085,-0.40187866052139276
9.27,-0.3919888043315201,0.1590377290417903,-0.37129918847200943
9.28,-0.39021258294377564,0.19617042627232,-0.4018260494399874
9.290000000000001,-0.38806617412224037,0.2330696299690764,-0.3842805097243987
9.3,-0.3855520793814123,0.26970205755386945,-0.3852512453596087
9.31,-0.3826731325092986,0.3060346115734579,-0.3602569292106406
9.32,-0.3794324964553669,0.34203442099873094,-0.32116711967800804
9.33,-0.3758336618129753,0.3776688520703229,-0.2934639619328088
9.34,-0.3718804450739858,0.41290550913223745,-0.3563994409785275
9.35,-0.3675769848298394,0.44771227327674246,-0.3380996405280593
9.36,-0.3629277387495499,0.48205732824092795,-0.4204709642088283
9.370000000000001,-0.35793748182111595,0.5159091646748906,-0.36233131894189696
9.38,-0.35261130339358815,0.5492366024704595,-0.3055968301494087
9.39,-0.3469546009690553,0.5820088393972676,-0.3036561690481976
9.4,-0.3409730782585345,0.6141954615165836,-0.330392591618782
9.41,-0.33467274321086327,0.645766452953624,-0.29035304523246563
9.42,-0.32805990037355515,0.6766922502691024,-0.3035215649238642
9.43,-0.3211411462560595,0.7069437712567102,-0.2611258333430934
9.44,-0.3139233668606808,0.7364924273780247,-0.29945540901282525
9.450000000000001,-0.30641373377283226,0.7653101510943433,-0.324198649551384
9.46,-0.29861969297453766,0.79336946008148,-0.2818276301278865
9.47,-0.29054896208889297,0.8206434713333406,-0.4370786808815318
9.48,-0.28220952738330995,0.847105919636903,-0.2630652405640575
9.49,-0.2736096345598449,0.8727312087837492,-0.4560302758205841
9.5,-0.2647577781286697,0.8974944624868364,-0.3509309484989406
9.51,-0.2556626983150583,0.9213715384043903,-0.23307426826800906
9.52,-0.246333377623966,0.944339051314914,-0.22245691076062624
9.53,-0.2367790255075436,0.9663744400199717,-0.2949004645145401
9.540000000000001,-0.22700906990804257,0.9874560013147384,-0.2626141720019895
9.55,-0.21703315266968987,1.0075629085335147,-0.14850610323898328
9.56,-0.20686112528321157,1.026675236962407,-0.2310626318618454
9.57,-0.19650302823425167,1.0447740350480113,-0.08435701261410242
9.58,-0.1859690845487991,1.0618413455245244,-0.1860650772076164
9.59,-0.17526969383772917,1.0778602254253546,-0.15486788499366583
9.6,-0.16441542613595544,1.0928147729683153,-0.08357170621102505
9.61,-0.15341699794306463,1.106690191003495,-0.14686564213339365
9.620000000000001,-0.1422852667026474,1.1194728008832369,-0.19240246573718747
9.63,-0.13103122375560128,1.13115005976286,-0.1365175963403158
9.64,-0.11966598631791288,1.1417105849075213,-0.12144652312741742
9.65,-0.10820077131521427,1.151144202991414,-0.17643785392529254
9.66,-0.09664689021036119,1.1594419590304186,-0.10943849377740236
9.67,-0.08501574118817674,1.166596127326903,-0.12212534588804858
9.68,-0.07331879963372046,1.1726002293980926,-0.02710091177434875
9.69,-0.06156759065303256,1.1774490651293117,-0.059836996943769774
9.700000000000001,-0.04977368402934987,1.181138717388852,-0.06391347148672838
9.71,-0.03794868604172353,1.1836665540584592,-0.043257782572852344
9.72,-0.026104228677040396,1.185031236881573,-0.014948127756732089
9.73,-0.014251941878962247,1.185232732298229,0.016588768105526744
9.74,-0.0024034487005320133,1.1842723117289526,-0.05238906013400109
9.75,0.009429642820418641,1.182152543383286,-0.04264973881064496
9.76,0.02123575171779509,1.1788772902436953,0.07646971248792159
9.77,0.033003350873285625,1.1744517007198163,0.012386507263049094
9.78,0.044720971450276814,1.1688822046780964,-0.026121133179566894
9.790000000000001,0.05637721055318689,1.1621764948159632,0.07856784602234212
9.8,0.06796074455785858,1.1543435126915762,0.09112923485949292
9.81,0.07946035380269564,1.1453934218253137,0.0029245909398603193
9.82,0.09086492639204218,1.1353376000062825,0.1023390121652225
9.83,0.10216346497237531,1.124188610997778,0.138942619593794
9.84,0.11334510094306449,1.1119601786211493,0.13206442352837763
9.85,0.12439911650620218,1.0986671462920201,0.15599819069427195
9.86,0.13531494772037783,1.0843254667305047,0.06510149281584038
9.870000000000001,0.14608219010003548,1.0689521656206185,0.16263419784984526
9.88,0.15669061281269453,1.052565305664443,0.1415596248391722
9.89,0.1671301778923998,1.0351839367746694,0.14299066995616758
9.9,0.17739104267598813,1.0168280839579746,0.22091882314697445
9.91,0.18746356394085117,0.997518706214206,0.2614272894745627
9.92,0.19733831141216557,0.9772776531365309,0.28705681414218354
9.93,0.20700608396791326,0.9561276103432867,0.2727464775432085
9.94,0.21645791150346988,0.9340920861381498,0.21097120242196069
9.950000000000001,0.2256850575047796,0.9111953694924826,0.24332106565609676
9.96,0.23467903168115306,0.8874624813970069,0.27302017527036526
9.97,0.2434316028235663,0.862919121002946,0.2494905002885394
9.98,0.2519347992476529,0.8375916543211186,0.2584730086432301
9.99,0.26018091232721935,0.8115070648576451,0.3013685689210285
10.0,0.26816250824894977,0.7846929062766079,0.26519837594765316
